{
    "keyboard_name": "0x1",
    "manufacturer": "cloudglides",
    "usb": {
        "vid": "0xFEED",
        "pid": "0x0001",
        "device_version": "0.0.1"
    },
    "processor": "RP2040",
    "bootloader": "rp2040",
    "layouts": {
        "LAYOUT": {
            "layout": [
                {"x": 0, "y": 0, "matrix": [0, 0]},
                {"x": 1, "y": 0, "matrix": [0, 1]},
                {"x": 2, "y": 0, "matrix": [0, 2]},
                {"x": 3, "y": 0, "matrix": [0, 3]},
                {"x": 4, "y": 0, "matrix": [0, 4]}
            ]
        }
    }
}
